anime_id,japanese_title,aired,image_url
32281,君の名は。,"Aug 26, 2016",https://cdn.myanimelist.net/images/anime/5/87048.jpg
9969,銀魂',"Apr 4, 2011 to Mar 26, 2012",https://cdn.myanimelist.net/images/anime/4/50361.jpg
820,銀河英雄伝説,"Jan 8, 1988 to Mar 17, 1997",https://cdn.myanimelist.net/images/anime/13/13225.jpg
5114,鋼の錬金術師 FULLMETAL ALCHEMIST,"Apr 5, 2009 to Jul 4, 2010",https://cdn.myanimelist.net/images/anime/1208/94745.jpg
28977,銀魂°,"Apr 8, 2015 to Mar 30, 2016",https://cdn.myanimelist.net/images/anime/3/72078.jpg
11061,HUNTER×HUNTER（ハンター×ハンター）,"Oct 2, 2011 to Sep 24, 2014",https://cdn.myanimelist.net/images/anime/1337/99013.jpg
9253,STEINS;GATE,"Apr 6, 2011 to Sep 14, 2011",https://cdn.myanimelist.net/images/anime/1935/127974.jpg
32935,ハイキュー!! 烏野高校 VS 白鳥沢学園高校,"Oct 8, 2016 to Dec 10, 2016",https://cdn.myanimelist.net/images/anime/7/81992.jpg
28851,聲の形,"Sep 17, 2016",https://cdn.myanimelist.net/images/anime/1122/96435.jpg
4181,CLANNAD〜AFTER STORY〜 クラナド アフターストーリー,"Oct 3, 2008 to Mar 27, 2009",https://cdn.myanimelist.net/images/anime/1299/110774.jpg
15335,劇場版 銀魂 完結篇 万事屋よ永遠なれ,"Jul 6, 2013",https://cdn.myanimelist.net/images/anime/10/51723.jpg
15417,銀魂' 延長戦,"Oct 4, 2012 to Mar 28, 2013",https://cdn.myanimelist.net/images/anime/1452/123686.jpg
918,銀魂,"Apr 4, 2006 to Mar 25, 2010",https://cdn.myanimelist.net/images/anime/10/73274.jpg
28891,ハイキュー!! セカンドシーズン,"Oct 4, 2015 to Mar 27, 2016",https://cdn.myanimelist.net/images/anime/9/76662.jpg
199,千と千尋の神隠し,"Jul 20, 2001",https://cdn.myanimelist.net/images/anime/6/79597.jpg
2904,コードギアス 反逆のルルーシュ 続編,"Apr 6, 2008 to Sep 28, 2008",https://cdn.myanimelist.net/images/anime/1088/135089.jpg
24701,蟲師 続章,"Oct 19, 2014 to Dec 21, 2014",https://cdn.myanimelist.net/images/anime/9/68095.jpg
44,るろうに剣心―明治剣客浪漫譚―追憶編,"Feb 20, 1999 to Sep 22, 1999",https://cdn.myanimelist.net/images/anime/1391/120839.jpg
23273,四月は君の嘘,"Oct 10, 2014 to Mar 20, 2015",https://cdn.myanimelist.net/images/anime/3/67177.jpg
12355,おおかみこどもの雨と雪,"Jul 21, 2012",https://cdn.myanimelist.net/images/anime/9/35721.jpg
1575,コードギアス 反逆のルルーシュ,"Oct 6, 2006 to Jul 29, 2007",https://cdn.myanimelist.net/images/anime/1032/135088.jpg
263,はじめの一歩 THE FIGHTING!,"Oct 4, 2000 to Mar 27, 2002",https://cdn.myanimelist.net/images/anime/4/86334.jpg
30276,ワンパンマン,"Oct 5, 2015 to Dec 21, 2015",https://cdn.myanimelist.net/images/anime/12/76049.jpg
1,カウボーイビバップ,"Apr 3, 1998 to Apr 24, 1999",https://cdn.myanimelist.net/images/anime/4/19644.jpg
7311,涼宮ハルヒの消失,"Feb 6, 2010",https://cdn.myanimelist.net/images/anime/1248/112352.jpg
457,蟲師,"Oct 23, 2005 to Jun 19, 2006",https://cdn.myanimelist.net/images/anime/2/73862.jpg
245,グレート・ティーチャー・オニヅカ,"Jun 30, 1999 to Sep 17, 2000",https://cdn.myanimelist.net/images/anime/13/11460.jpg
164,もののけ姫,"Jul 12, 1997",https://cdn.myanimelist.net/images/anime/7/75919.jpg
17074,〈物語〉シリーズ セカンドシーズン,"Jul 7, 2013 to Dec 29, 2013",https://cdn.myanimelist.net/images/anime/1807/121534.jpg
2001,天元突破グレンラガン,"Apr 1, 2007 to Sep 30, 2007",https://cdn.myanimelist.net/images/anime/4/5123.jpg
431,ハウルの動く城,"Nov 20, 2004",https://cdn.myanimelist.net/images/anime/5/75810.jpg
21939,蟲師 続章,"Apr 5, 2014 to Jun 21, 2014",https://cdn.myanimelist.net/images/anime/13/58533.jpg
28957,蟲師 続章: 鈴の雫,"May 16, 2015",https://cdn.myanimelist.net/images/anime/9/72689.jpg
11741,フェイト/ゼロ 2ndシーズン,"Apr 8, 2012 to Jun 24, 2012",https://cdn.myanimelist.net/images/anime/1522/117645.jpg
32983,夏目友人帳 伍,"Oct 5, 2016 to Dec 21, 2016",https://cdn.myanimelist.net/images/anime/11/81755.jpg
5258,はじめの一歩 新シリーズ,"Jan 7, 2009 to Jul 1, 2009",https://cdn.myanimelist.net/images/anime/8/56617.jpg
1535,デスノート,"Oct 4, 2006 to Jun 27, 2007",https://cdn.myanimelist.net/images/anime/9/9453.jpg
11665,夏目友人帳 肆,"Jan 3, 2012 to Mar 27, 2012",https://cdn.myanimelist.net/images/anime/3/37449.jpg
32366,銀魂　愛染香篇,"Aug 4, 2016 to Nov 4, 2016",https://cdn.myanimelist.net/images/anime/1962/133573.jpg
12365,バクマン。,"Oct 6, 2012 to Mar 30, 2013",https://cdn.myanimelist.net/images/anime/6/41845.jpg
20583,ハイキュー!!,"Apr 6, 2014 to Sep 21, 2014",https://cdn.myanimelist.net/images/anime/7/76014.jpg
19,モンスター,"Apr 7, 2004 to Sep 28, 2005",https://cdn.myanimelist.net/images/anime/10/18793.jpg
31757,傷物語〈Ⅱ熱血篇〉,"Aug 19, 2016",https://cdn.myanimelist.net/images/anime/1981/112812.jpg
31043,僕だけがいない街,"Jan 8, 2016 to Mar 25, 2016",https://cdn.myanimelist.net/images/anime/10/77957.jpg
21329,蟲師 特別篇「日蝕む翳」,"Jan 4, 2014",https://cdn.myanimelist.net/images/anime/10/59315.jpg
4282,劇場版 空の境界 the Garden of sinners 第五章『矛盾螺旋』,"Aug 16, 2008",https://cdn.myanimelist.net/images/anime/1574/112838.jpg
30654,暗殺教室　第２期,"Jan 8, 2016 to Jul 1, 2016",https://cdn.myanimelist.net/images/anime/8/77966.jpg
22135,ピンポン THE ANIMATION,"Apr 11, 2014 to Jun 20, 2014",https://cdn.myanimelist.net/images/anime/10/58041.jpg
19647,はじめの一歩 Rising,"Oct 6, 2013 to Mar 30, 2014",https://cdn.myanimelist.net/images/anime/6/56147.jpg
10379,夏目友人帳 参,"Jul 5, 2011 to Sep 27, 2011",https://cdn.myanimelist.net/images/anime/8/82394.jpg
7785,四畳半神話大系,"Apr 23, 2010 to Jul 2, 2010",https://cdn.myanimelist.net/images/anime/1633/123689.jpg
3297,ARIA The ORIGINATION,"Jan 8, 2008 to Apr 1, 2008",https://cdn.myanimelist.net/images/anime/1394/129606.jpg
6114,RAINBOW 二舎六房の七人,"Apr 7, 2010 to Sep 29, 2010",https://cdn.myanimelist.net/images/anime/9/72697.jpg
5300,続 夏目友人帳,"Jan 6, 2009 to Mar 31, 2009",https://cdn.myanimelist.net/images/anime/4/79738.jpg
9989,あの日見た花の名前を僕達はまだ知らない。,"Apr 15, 2011 to Jun 24, 2011",https://cdn.myanimelist.net/images/anime/5/79697.jpg
4565,劇場版 天元突破グレンラガン 螺巌篇,"Apr 22, 2009",https://cdn.myanimelist.net/images/anime/12/19698.jpg
31240,Re：ゼロから始める異世界生活,"Apr 4, 2016 to Sep 19, 2016",https://cdn.myanimelist.net/images/anime/1522/128039.jpg
30709,神様はじめました～過去編～,"Aug 20, 2015 to Aug 19, 2016",https://cdn.myanimelist.net/images/anime/3/81250.jpg
24415,黒子のバスケ,"Jan 11, 2015 to Jun 30, 2015",https://cdn.myanimelist.net/images/anime/4/68299.jpg
10408,蛍火の杜へ,"Sep 17, 2011",https://cdn.myanimelist.net/images/anime/1599/112267.jpg
11577,劇場版 シュタインズゲート 負荷領域のデジャヴ,"Apr 20, 2013",https://cdn.myanimelist.net/images/anime/1611/112806.jpg
28171,食戟のソーマ,"Apr 4, 2015 to Sep 26, 2015",https://cdn.myanimelist.net/images/anime/3/72943.jpg
22535,寄生獣 セイの格率,"Oct 9, 2014 to Mar 26, 2015",https://cdn.myanimelist.net/images/anime/3/73178.jpg
32995,ユーリ!!! on ICE,"Oct 6, 2016 to Dec 22, 2016",https://cdn.myanimelist.net/images/anime/6/81149.jpg
28735,昭和元禄落語心中,"Jan 9, 2016 to Apr 2, 2016",https://cdn.myanimelist.net/images/anime/1354/124768.jpg
12431,宇宙兄弟,"Apr 1, 2012 to Mar 22, 2014",https://cdn.myanimelist.net/images/anime/7/37573.jpg
777,HELLSING OVA,"Feb 10, 2006 to Dec 26, 2012",https://cdn.myanimelist.net/images/anime/6/7333.jpg
7472,劇場版 銀魂 新訳紅桜篇,"Apr 24, 2010",https://cdn.myanimelist.net/images/anime/4/28803.jpg
28805,バケモノの子,"Jul 11, 2015",https://cdn.myanimelist.net/images/anime/11/73540.jpg
21899,銀魂 よりぬき銀魂さんオンシアター2D,"Aug 26, 2012",https://cdn.myanimelist.net/images/anime/1172/90571.jpg
26055,ジョジョの奇妙な冒険 スターダストクルセイダース エジプト編,"Jan 10, 2015 to Jun 20, 2015",https://cdn.myanimelist.net/images/anime/11/75045.jpg
578,火垂るの墓,"Apr 16, 1988",https://cdn.myanimelist.net/images/anime/7/75808.jpg
5028,メジャー,"Jan 10, 2009 to Jun 27, 2009",https://cdn.myanimelist.net/images/anime/9/75218.jpg
16894,黒子のバスケ,"Oct 6, 2013 to Mar 30, 2014",https://cdn.myanimelist.net/images/anime/9/56155.jpg
17389,キングダム 第2シリーズ,"Jun 8, 2013 to Mar 2, 2014",https://cdn.myanimelist.net/images/anime/13/53589.jpg
5205,劇場版 空の境界 the Garden of sinners 第七章『殺人考察（後）』,"Aug 8, 2009",https://cdn.myanimelist.net/images/anime/9/56619.jpg
801,攻殻機動隊 S.A.C. 2nd GIG,"Jan 1, 2004 to Jan 8, 2005",https://cdn.myanimelist.net/images/anime/1646/135390.jpg
31933,ジョジョの奇妙な冒険 ダイヤモンドは砕けない,"Apr 2, 2016 to Dec 24, 2016",https://cdn.myanimelist.net/images/anime/3/79156.jpg
10162,うさぎドロップ,"Jul 8, 2011 to Sep 16, 2011",https://cdn.myanimelist.net/images/anime/2/29665.jpg
170,スラムダンク,"Oct 16, 1993 to Mar 23, 1996",https://cdn.myanimelist.net/images/anime/12/86890.jpg
877,NANA [ナナ],"Apr 5, 2006 to Mar 28, 2007",https://cdn.myanimelist.net/images/anime/2/11232.jpg
32182,モブサイコ100,"Jul 11, 2016 to Sep 27, 2016",https://cdn.myanimelist.net/images/anime/8/80356.jpg
24687,蟲師 続章,"Aug 20, 2014",https://cdn.myanimelist.net/images/anime/8/63539.jpg
18617,ガールズ&パンツァー 劇場版,"Nov 21, 2015",https://cdn.myanimelist.net/images/anime/1776/91467.jpg
2251,バッカーノ！,"Jul 27, 2007 to Nov 2, 2007",https://cdn.myanimelist.net/images/anime/3/14547.jpg
21,ONE PIECE,"Oct 20, 1999 to ?",https://cdn.myanimelist.net/images/anime/6/73245.jpg
5941,クロスゲーム,"Apr 5, 2009 to Mar 28, 2010",https://cdn.myanimelist.net/images/anime/6/22103.jpg
13125,新世界より,"Sep 29, 2012 to Mar 23, 2013",https://cdn.myanimelist.net/images/anime/8/41993.jpg
16498,進撃の巨人,"Apr 7, 2013 to Sep 29, 2013",https://cdn.myanimelist.net/images/anime/10/47347.jpg
10030,バクマン。2ndシーズン,"Oct 1, 2011 to Mar 24, 2012",https://cdn.myanimelist.net/images/anime/3/34923.jpg
30346,同級生,"Feb 20, 2016",https://cdn.myanimelist.net/images/anime/3/78606.jpg
12029,宇宙戦艦ヤマト2199,"May 25, 2012 to Oct 25, 2013",https://cdn.myanimelist.net/images/anime/2/36607.jpg
10087,フェイト/ゼロ,"Oct 2, 2011 to Dec 25, 2011",https://cdn.myanimelist.net/images/anime/1887/117644.jpg
14397,ちはやふる 2,"Jan 12, 2013 to Jun 29, 2013",https://cdn.myanimelist.net/images/anime/6/47435.jpg
3784,ヱヴァンゲリヲン新劇場版:破,"Jul 27, 2009",https://cdn.myanimelist.net/images/anime/5/74983.jpg
9756,魔法少女まどか★マギカ,"Jan 7, 2011 to Apr 22, 2011",https://cdn.myanimelist.net/images/anime/11/55225.jpg
10165,日常,"Apr 3, 2011 to Sep 25, 2011",https://cdn.myanimelist.net/images/anime/3/75617.jpg
22789,ばらかもん,"Jul 6, 2014 to Sep 28, 2014",https://cdn.myanimelist.net/images/anime/1426/111248.jpg
11981,劇場版 魔法少女まどか☆マギカ 叛逆の物語,"Oct 26, 2013",https://cdn.myanimelist.net/images/anime/5/54231.jpg
18115,マギ The kingdom of magic,"Oct 6, 2013 to Mar 30, 2014",https://cdn.myanimelist.net/images/anime/13/55039.jpg
14719,ジョジョの奇妙な冒険,"Oct 6, 2012 to Apr 6, 2013",https://cdn.myanimelist.net/images/anime/3/40409.jpg
30230,ダイヤのA[エース]～Second Season～,"Apr 6, 2015 to Mar 28, 2016",https://cdn.myanimelist.net/images/anime/9/74398.jpg
13601,サイコパス,"Oct 12, 2012 to Mar 22, 2013",https://cdn.myanimelist.net/images/anime/5/43399.jpg
11917,メジャー ワールドシリーズ編,"Dec 16, 2011 to Jan 18, 2012",https://cdn.myanimelist.net/images/anime/5/75220.jpg
205,サムライチャンプルー,"May 20, 2004 to Mar 19, 2005",https://cdn.myanimelist.net/images/anime/1375/121599.jpg
32282,食戟のソーマ 弍ノ皿,"Jul 2, 2016 to Sep 24, 2016",https://cdn.myanimelist.net/images/anime/8/79353.jpg
7655,メジャー 第6シリーズ,"Apr 3, 2010 to Sep 25, 2010",https://cdn.myanimelist.net/images/anime/2/75216.jpg
11979,劇場版 魔法少女まどか☆マギカ 永遠の物語,"Oct 13, 2012",https://cdn.myanimelist.net/images/anime/6/42265.jpg
6594,刀語,"Jan 26, 2010 to Dec 11, 2010",https://cdn.myanimelist.net/images/anime/1112/119225.jpg
136,HUNTER×HUNTER（ハンター×ハンター）,"Oct 16, 1999 to Mar 31, 2001",https://cdn.myanimelist.net/images/anime/1305/132237.jpg
2921,あしたのジョー２,"Oct 13, 1980 to Aug 31, 1981",https://cdn.myanimelist.net/images/anime/3/45028.jpg
25835,SHIROBAKO,"Oct 9, 2014 to Mar 26, 2015",https://cdn.myanimelist.net/images/anime/1918/93511.jpg
2246,モノノ怪,"Jul 13, 2007 to Sep 28, 2007",https://cdn.myanimelist.net/images/anime/3/20713.jpg
523,となりのトトロ,"Apr 16, 1988",https://cdn.myanimelist.net/images/anime/4/75923.jpg
467,攻殻機動隊 STAND ALONE COMPLEX,"Oct 1, 2002 to Oct 1, 2003",https://cdn.myanimelist.net/images/anime/11/50857.jpg
30503,ノラガミ ARAGOTO,"Oct 3, 2015 to Dec 26, 2015",https://cdn.myanimelist.net/images/anime/1689/94850.jpg
12531,坂道のアポロン,"Apr 13, 2012 to Jun 29, 2012",https://cdn.myanimelist.net/images/anime/1604/98654.jpg
392,幽☆遊☆白書,"Oct 10, 1992 to Jan 7, 1995",https://cdn.myanimelist.net/images/anime/1228/111372.jpg
486,キノの旅 -the Beautiful World-,"Apr 8, 2003 to Jul 8, 2003",https://cdn.myanimelist.net/images/anime/1763/95397.jpg
572,風の谷のナウシカ,"Mar 11, 1984",https://cdn.myanimelist.net/images/anime/10/75914.jpg
19815,ノーゲーム・ノーライフ,"Apr 9, 2014 to Jun 25, 2014",https://cdn.myanimelist.net/images/anime/1074/111944.jpg
11771,黒子のバスケ,"Apr 8, 2012 to Sep 22, 2012",https://cdn.myanimelist.net/images/anime/11/50453.jpg
1698,のだめカンタービレ,"Jan 12, 2007 to Jun 15, 2007",https://cdn.myanimelist.net/images/anime/9/11986.jpg
2559,ロミオの青い空,"Jan 15, 1995 to Dec 17, 1995",https://cdn.myanimelist.net/images/anime/4/17979.jpg
10863,シュタインズ ゲート 横行跋扈のポリオマニア,"Feb 22, 2012",https://cdn.myanimelist.net/images/anime/1805/123188.jpg
5420,獣の奏者エリン,"Jan 10, 2009 to Dec 26, 2009",https://cdn.myanimelist.net/images/anime/9/19845.jpg
5341,狼と香辛料II,"Jul 9, 2009 to Sep 24, 2009",https://cdn.myanimelist.net/images/anime/6/59399.jpg
4224,とらドラ！,"Oct 2, 2008 to Mar 26, 2009",https://cdn.myanimelist.net/images/anime/13/22128.jpg
25781,進撃の巨人 悔いなき選択,"Dec 9, 2014 to Apr 9, 2015",https://cdn.myanimelist.net/images/anime/8/69497.jpg
32,新世紀エヴァンゲリオン劇場版 THE END OF EVANGELION,"Jul 19, 1997",https://cdn.myanimelist.net/images/anime/1404/98182.jpg
9260,傷物語〈Ⅰ鉄血篇〉,"Jan 8, 2016",https://cdn.myanimelist.net/images/anime/1783/112810.jpg
28701,Fate/stay night [Unlimited Blade Works] 2nd シーズン,"Apr 5, 2015 to Jun 28, 2015",https://cdn.myanimelist.net/images/anime/1881/124810.jpg
2236,時をかける少女,"Jul 15, 2006",https://cdn.myanimelist.net/images/anime/1/2432.jpg
45,るろうに剣心 -明治剣客浪漫譚-,"Jan 10, 1996 to Sep 8, 1998",https://cdn.myanimelist.net/images/anime/1346/119505.jpg
22297,Fate/stay night [Unlimited Blade Works],"Oct 12, 2014 to Dec 28, 2014",https://cdn.myanimelist.net/images/anime/12/67333.jpg
31181,終物語,"Oct 4, 2015 to Dec 20, 2015",https://cdn.myanimelist.net/images/anime/8/76479.jpg
627,メジャー （第1シリーズ）,"Nov 13, 2004 to May 21, 2005",https://cdn.myanimelist.net/images/anime/13/73973.jpg
1365,名探偵コナン　ベイカー街(ストリート)の亡霊,"Apr 20, 2002",https://cdn.myanimelist.net/images/anime/1400/94320.jpg
2685,ツバサ TOKYO REVELATIONS,"Nov 16, 2007 to Mar 17, 2008",https://cdn.myanimelist.net/images/anime/4/49129.jpg
2418,ストレンヂア -無皇刃譚-,"Sep 29, 2007",https://cdn.myanimelist.net/images/anime/9/87066.jpg
1889,ひぐらしのなく頃に解,"Jul 6, 2007 to Dec 18, 2007",https://cdn.myanimelist.net/images/anime/12/14114.jpg
10937,機動戦士ガンダムTHE ORIGIN,"Feb 28, 2015 to May 5, 2018",https://cdn.myanimelist.net/images/anime/4/72702.jpg
23755,七つの大罪,"Oct 5, 2014 to Mar 29, 2015",https://cdn.myanimelist.net/images/anime/8/65409.jpg
139,HUNTER×HUNTER G・I Final,"Mar 3, 2004 to Aug 18, 2004",https://cdn.myanimelist.net/images/anime/1/139.jpg
4081,夏目友人帳,"Jul 8, 2008 to Sep 30, 2008",https://cdn.myanimelist.net/images/anime/1681/108439.jpg
4155,ワンピース　フィルム　ストロングワールド,"Dec 12, 2009",https://cdn.myanimelist.net/images/anime/1192/116784.jpg
57,ベック,"Oct 7, 2004 to Mar 31, 2005",https://cdn.myanimelist.net/images/anime/11/11636.jpg
137,HUNTER×HUNTER Original Video Animation,"Jan 17, 2002 to Apr 17, 2002",https://cdn.myanimelist.net/images/anime/1/137.jpg
33,剣風伝奇ベルセルク,"Oct 8, 1997 to Apr 1, 1998",https://cdn.myanimelist.net/images/anime/1384/119988.jpg
23317,黒執事 Book of Murder,"Jan 28, 2015 to Feb 25, 2015",https://cdn.myanimelist.net/images/anime/12/74392.jpg
5040,ワンナウツ,"Oct 8, 2008 to Apr 1, 2009",https://cdn.myanimelist.net/images/anime/7/21065.jpg
558,メジャー  (第2シリーズ),"Dec 10, 2005 to Jun 10, 2006",https://cdn.myanimelist.net/images/anime/6/73972.jpg
5,カウボーイビバップ 天国の扉,"Sep 1, 2001",https://cdn.myanimelist.net/images/anime/1439/93480.jpg
1842,メジャー  (第3シリーズ),"Jan 6, 2007 to Jun 30, 2007",https://cdn.myanimelist.net/images/anime/9/73971.jpg
1210,N・H・Kにようこそ！,"Jul 10, 2006 to Dec 18, 2006",https://cdn.myanimelist.net/images/anime/3/52675.jpg
20651,夏目友人帳 新作OVA いつかゆきのひに,"Feb 5, 2014",https://cdn.myanimelist.net/images/anime/11/79742.jpg
13759,さくら荘のペットな彼女,"Oct 9, 2012 to Mar 26, 2013",https://cdn.myanimelist.net/images/anime/4/43643.jpg
6547,Angel Beats!（エンジェルビーツ!）,"Apr 3, 2010 to Jun 26, 2010",https://cdn.myanimelist.net/images/anime/1244/111115.jpg
5081,化物語,"Jul 3, 2009 to Jun 25, 2010",https://cdn.myanimelist.net/images/anime/11/75274.jpg
338,ベルサイユのばら,"Oct 10, 1979 to Sep 3, 1980",https://cdn.myanimelist.net/images/anime/9/57043.jpg
6336,機動戦士ガンダムUC（ユニコーン）,"Mar 12, 2010 to Jun 6, 2014",https://cdn.myanimelist.net/images/anime/12/50459.jpg
853,桜蘭高校ホスト部,"Apr 5, 2006 to Sep 27, 2006",https://cdn.myanimelist.net/images/anime/2/71992.jpg
32867,文豪ストレイドッグス,"Oct 6, 2016 to Dec 16, 2016",https://cdn.myanimelist.net/images/anime/1572/133096.jpg
264,はじめの一歩 -Champion Road-,"Apr 18, 2003",https://cdn.myanimelist.net/images/anime/9/2361.jpg
12859,ワンピース　フィルム　﻿Ｚ,"Dec 15, 2012",https://cdn.myanimelist.net/images/anime/6/44297.jpg
34240,シェルター,"Oct 18, 2016",https://cdn.myanimelist.net/images/anime/5/82388.jpg
5460,名探偵コナン漆黒の追跡者(チェイサー),"Apr 18, 2009",https://cdn.myanimelist.net/images/anime/2/22558.jpg
6746,デュラララ!!,"Jan 8, 2010 to Jun 25, 2010",https://cdn.myanimelist.net/images/anime/10/71772.jpg
5690,のだめカンタービレ フィナーレ,"Jan 15, 2010 to Mar 26, 2010",https://cdn.myanimelist.net/images/anime/1084/119096.jpg
329,プラネテス,"Oct 4, 2003 to Apr 17, 2004",https://cdn.myanimelist.net/images/anime/8/50463.jpg
513,天空の城ラピュタ,"Aug 2, 1986",https://cdn.myanimelist.net/images/anime/5/37799.jpg
6945,ジャンプアニメツアー 2008 白夜叉降誕,"Sep 21, 2008",https://cdn.myanimelist.net/images/anime/6/16161.jpg
16664,かぐや姫の物語,"Nov 23, 2013",https://cdn.myanimelist.net/images/anime/1935/93606.jpg
1604,家庭教師ヒットマンREBORN!,"Oct 7, 2006 to Sep 25, 2010",https://cdn.myanimelist.net/images/anime/13/80000.jpg
2966,狼と香辛料,"Jan 9, 2008 to Mar 26, 2008",https://cdn.myanimelist.net/images/anime/5/59401.jpg
1142,ハチミツとクローバー II,"Jun 30, 2006 to Sep 15, 2006",https://cdn.myanimelist.net/images/anime/6/11040.jpg
22145,黒執事 Book of Circus,"Jul 11, 2014 to Sep 12, 2014",https://cdn.myanimelist.net/images/anime/6/64811.jpg
31964,僕のヒーローアカデミア,"Apr 3, 2016 to Jun 26, 2016",https://cdn.myanimelist.net/images/anime/10/78745.jpg
6811,犬夜叉 完結編,"Oct 4, 2009 to Mar 30, 2010",https://cdn.myanimelist.net/images/anime/7/75570.jpg
19363,銀の匙,"Jan 10, 2014 to Mar 28, 2014",https://cdn.myanimelist.net/images/anime/8/57995.jpg
9890,メジャー・メッセージ,"Dec 17, 2010",https://cdn.myanimelist.net/images/anime/11/75219.jpg
18195,リトルバスターズ！～Refrain～,"Oct 5, 2013 to Dec 28, 2013",https://cdn.myanimelist.net/images/anime/10/55049.jpg
16782,言の葉の庭,"May 31, 2013",https://cdn.myanimelist.net/images/anime/1597/112995.jpg
7674,バクマン。,"Oct 2, 2010 to Apr 2, 2011",https://cdn.myanimelist.net/images/anime/6/26138.jpg
9863,スケットダンス,"Apr 7, 2011 to Sep 27, 2012",https://cdn.myanimelist.net/images/anime/9/73974.jpg
9130,聖闘士星矢 THE LOST CANVAS 冥王神話 2,"Feb 23, 2011 to Jul 20, 2011",https://cdn.myanimelist.net/images/anime/12/29597.jpg
3226,メジャー　（第4シリーズ),"Jan 5, 2008 to Jun 28, 2008",https://cdn.myanimelist.net/images/anime/9/75217.jpg
11843,男子高校生の日常,"Jan 10, 2012 to Mar 27, 2012",https://cdn.myanimelist.net/images/anime/3/33257.jpg
21557,思い出のマーニー,"Jul 19, 2014",https://cdn.myanimelist.net/images/anime/7/64293.jpg
28675,劇場版 境界の彼方 I'LL BE HERE 未来篇,"Apr 25, 2015",https://cdn.myanimelist.net/images/anime/9/72614.jpg
31715,WORKING!!! 第14話「ロード・オブ・ザ・小鳥遊」,"Mar 30, 2016",https://cdn.myanimelist.net/images/anime/10/79375.jpg
43,GHOST IN THE SHELL（攻殻機動隊）,"Nov 18, 1995",https://cdn.myanimelist.net/images/anime/10/82594.jpg
10153,魔法少女リリカルなのは The MOVIE 2nd A's,"Jul 14, 2012",https://cdn.myanimelist.net/images/anime/1511/94432.jpg
3091,×××HOLiC◆継,"Apr 4, 2008 to Jun 27, 2008",https://cdn.myanimelist.net/images/anime/9/8626.jpg
31051,黒子のバスケ〜最高のプレゼントです〜,"Dec 24, 2015",https://cdn.myanimelist.net/images/anime/13/77323.jpg
9617,映画 けいおん！,"Dec 3, 2011",https://cdn.myanimelist.net/images/anime/5/76233.jpg
32188,シュタインズ・ゲート境界面上のミッシングリンク-Divide By Zero-,"Dec 3, 2015",https://cdn.myanimelist.net/images/anime/7/77324.jpg
1033,千年女優,"Sep 14, 2002",https://cdn.myanimelist.net/images/anime/1648/93626.jpg
12115,ベルセルク 黄金時代篇Ⅲ 降臨,"Feb 1, 2013",https://cdn.myanimelist.net/images/anime/12/41305.jpg
121,鋼の錬金術師,"Oct 4, 2003 to Oct 2, 2004",https://cdn.myanimelist.net/images/anime/10/75815.jpg
3002,逆境無頼カイジ Ultimate Survivor,"Oct 3, 2007 to Apr 2, 2008",https://cdn.myanimelist.net/images/anime/12/80032.jpg
28223,デス・パレード,"Jan 10, 2015 to Mar 28, 2015",https://cdn.myanimelist.net/images/anime/5/71553.jpg
10800,ちはやふる,"Oct 5, 2011 to Mar 28, 2012",https://cdn.myanimelist.net/images/anime/3/35749.jpg
6675,REDLINE,"Aug 14, 2009",https://cdn.myanimelist.net/images/anime/12/28553.jpg
28725,心が叫びたがってるんだ。,"Sep 19, 2015",https://cdn.myanimelist.net/images/anime/1245/112628.jpg
32005,劇場版　名探偵コナン　純黒の悪夢（ナイトメア）,"Apr 16, 2016",https://cdn.myanimelist.net/images/anime/10/78894.jpg
138,HUNTER×HUNTER Greed Island,"Feb 5, 2003 to Apr 16, 2003",https://cdn.myanimelist.net/images/anime/1902/122320.jpg
27821,Fate/stay night [Unlimited Blade Works] プロローグ,"Oct 5, 2014",https://cdn.myanimelist.net/images/anime/9/67425.jpg
813,ドラゴンボールZ,"Apr 26, 1989 to Jan 31, 1996",https://cdn.myanimelist.net/images/anime/1607/117271.jpg
16067,凪のあすから,"Oct 3, 2013 to Apr 3, 2014",https://cdn.myanimelist.net/images/anime/7/53549.jpg
585,耳をすませば,"Jul 15, 1995",https://cdn.myanimelist.net/images/anime/1899/109259.jpg
30,新世紀エヴァンゲリオン,"Oct 4, 1995 to Mar 27, 1996",https://cdn.myanimelist.net/images/anime/1314/108941.jpg
31490,ONE PIECE FILM GOLD,"Jul 23, 2016",https://cdn.myanimelist.net/images/anime/12/81081.jpg
6864,×××HOLiC 籠,"Apr 23, 2010 to Mar 9, 2011",https://cdn.myanimelist.net/images/anime/9/25080.jpg
759,東京ゴッドファーザーズ,"Nov 8, 2003",https://cdn.myanimelist.net/images/anime/1480/132791.jpg
9735,銀魂 新訳紅桜篇,"Dec 15, 2010",https://cdn.myanimelist.net/images/anime/12/26966.jpg
23847,やはり俺の青春ラブコメはまちがっている。続,"Apr 3, 2015 to Jun 26, 2015",https://cdn.myanimelist.net/images/anime/11/75376.jpg
11977,劇場版 魔法少女まどか☆マギカ 始まりの物語,"Oct 6, 2012",https://cdn.myanimelist.net/images/anime/6/42331.jpg
6,トライガン,"Apr 1, 1998 to Sep 30, 1998",https://cdn.myanimelist.net/images/anime/7/20310.jpg
1519,BLACK LAGOON The Second Barrage,"Oct 3, 2006 to Dec 19, 2006",https://cdn.myanimelist.net/images/anime/3/83748.jpg
11123,世界一初恋 2,"Oct 8, 2011 to Dec 24, 2011",https://cdn.myanimelist.net/images/anime/8/34871.jpg
33161,"やはり俺の青春ラブコメはまちがっている. 続 きっと, 女の子はお砂糖とスパイスと素敵な何かでできている。","Oct 27, 2016",https://cdn.myanimelist.net/images/anime/13/84052.jpg
2167,CLANNAD,"Oct 5, 2007 to Mar 28, 2008",https://cdn.myanimelist.net/images/anime/1804/95033.jpg
5681,サマーウォーズ,"Aug 1, 2009",https://cdn.myanimelist.net/images/anime/1593/116751.jpg
962,ARIA The NATURAL,"Apr 3, 2006 to Sep 25, 2006",https://cdn.myanimelist.net/images/anime/2/77621.jpg
16706,神のみぞ知るセカイ 女神篇,"Jul 9, 2013 to Sep 24, 2013",https://cdn.myanimelist.net/images/anime/6/51949.jpg
3701,カイバ,"Apr 11, 2008 to Jul 25, 2008",https://cdn.myanimelist.net/images/anime/7/13193.jpg
6467,名探偵コナン 天空の難破船,"Apr 17, 2010",https://cdn.myanimelist.net/images/anime/7/22312.jpg
33255,斉木楠雄のΨ難,"Jul 4, 2016 to Dec 26, 2016",https://cdn.myanimelist.net/images/anime/11/80167.jpg
22507,頭文字 D Final Stage,"May 16, 2014 to Jun 22, 2014",https://cdn.myanimelist.net/images/anime/1404/101364.jpg
3901,バッカーノ!,"Feb 27, 2008 to May 28, 2008",https://cdn.myanimelist.net/images/anime/7/9129.jpg
19123,ワンピース エピソード・オブ・メリー ～もうひとりの仲間の物語～,"Aug 24, 2013",https://cdn.myanimelist.net/images/anime/9/61015.jpg
4722,スキップ・ビート！,"Oct 6, 2008 to Mar 30, 2009",https://cdn.myanimelist.net/images/anime/11/84022.jpg
10271,逆境無頼カイジ 破戒録篇,"Apr 6, 2011 to Sep 28, 2011",https://cdn.myanimelist.net/images/anime/10/30599.jpg
25681,神様はじめました◎,"Jan 6, 2015 to Mar 31, 2015",https://cdn.myanimelist.net/images/anime/8/69187.jpg
265,はじめの一歩 間柴vs木村 死刑執行,"Sep 5, 2003",https://cdn.myanimelist.net/images/anime/4/64737.jpg
372,劇場版 カードキャプターさくら 封印されたカード,"Jul 15, 2000",https://cdn.myanimelist.net/images/anime/1652/90326.jpg
24277,弱虫ペダル GRANDE ROAD,"Oct 7, 2014 to Mar 31, 2015",https://cdn.myanimelist.net/images/anime/12/67799.jpg
512,魔女の宅急便,"Jul 29, 1989",https://cdn.myanimelist.net/images/anime/10/75916.jpg
239,巌窟王,"Oct 6, 2004 to Mar 30, 2005",https://cdn.myanimelist.net/images/anime/10/2235.jpg
4477,のだめカンタービレ 巴里編,"Oct 10, 2008 to Dec 19, 2008",https://cdn.myanimelist.net/images/anime/4/11918.jpg
31174,おそ松さん,"Oct 6, 2015 to Mar 29, 2016",https://cdn.myanimelist.net/images/anime/7/76540.jpg
5365,つみきのいえ,"Jun 10, 2008",https://cdn.myanimelist.net/images/anime/1063/117013.jpg
15323,ワンピースエピソード・オブ・ナミ～航海士の涙と仲間の絆～,"Aug 25, 2012",https://cdn.myanimelist.net/images/anime/5/41415.jpg
23327,スペース☆ダンディ 第2シリーズ,"Jul 6, 2014 to Sep 25, 2014",https://cdn.myanimelist.net/images/anime/3/64451.jpg
3702,デトロイト・メタル・シティ,"Aug 8, 2008 to Oct 28, 2008",https://cdn.myanimelist.net/images/anime/3/9853.jpg
7465,イヴの時間,"Mar 6, 2010",https://cdn.myanimelist.net/images/anime/9/27711.jpg
3167,イヴの時間,"Aug 1, 2008 to Sep 18, 2009",https://cdn.myanimelist.net/images/anime/13/19480.jpg
7054,会長はメイド様!,"Apr 2, 2010 to Sep 24, 2010",https://cdn.myanimelist.net/images/anime/6/25254.jpg
1257,聖闘士星矢 冥王ハーデス十二宮編,"Nov 9, 2002 to Jul 25, 2003",https://cdn.myanimelist.net/images/anime/1182/122016.jpg
1364,名探偵コナン 天国へのカウントダウン,"Apr 21, 2001",https://cdn.myanimelist.net/images/anime/1144/92654.jpg
23283,残響のテロル,"Jul 11, 2014 to Sep 26, 2014",https://cdn.myanimelist.net/images/anime/1417/117422.jpg
2025,Darker than BLACK -黒の契約者-,"Apr 6, 2007 to Sep 28, 2007",https://cdn.myanimelist.net/images/anime/5/19570.jpg
18689,ダイヤのA[エース],"Oct 6, 2013 to Mar 29, 2015",https://cdn.myanimelist.net/images/anime/5/54235.jpg
22043,FAIRY TAIL（フェアリーテイル）,"Apr 5, 2014 to Mar 26, 2016",https://cdn.myanimelist.net/images/anime/3/60551.jpg
20899,ジョジョの奇妙な冒険 スターダストクルセイダース,"Apr 5, 2014 to Sep 13, 2014",https://cdn.myanimelist.net/images/anime/11/55267.jpg
31988,響け！ユーフォニアム2,"Oct 6, 2016 to Dec 29, 2016",https://cdn.myanimelist.net/images/anime/10/81155.jpg
1453,めぞん一刻,"Mar 26, 1986 to Mar 2, 1988",https://cdn.myanimelist.net/images/anime/6/17576.jpg
1559,史上最強の弟子 ケンイチ,"Oct 8, 2006 to Sep 30, 2007",https://cdn.myanimelist.net/images/anime/9/75515.jpg
23623,のんのんびより りぴーと,"Jul 7, 2015 to Sep 22, 2015",https://cdn.myanimelist.net/images/anime/9/75105.jpg
23289,月刊少女野崎くん,"Jul 7, 2014 to Sep 22, 2014",https://cdn.myanimelist.net/images/anime/5/66083.jpg
18,頭文字〈イニシャル〉D FOURTH STAGE,"Apr 17, 2004 to Feb 18, 2006",https://cdn.myanimelist.net/images/anime/9/10521.jpg
235,名探偵コナン,"Jan 8, 1996 to ?",https://cdn.myanimelist.net/images/anime/7/75199.jpg
12031,キングダム,"Jun 4, 2012 to Feb 25, 2013",https://cdn.myanimelist.net/images/anime/13/39511.jpg
4814,純情ロマンチカ2(に),"Oct 12, 2008 to Dec 28, 2008",https://cdn.myanimelist.net/images/anime/6/38417.jpg
8129,海月姫,"Oct 15, 2010 to Dec 31, 2010",https://cdn.myanimelist.net/images/anime/3/24865.jpg
16662,風立ちぬ,"Jul 20, 2013",https://cdn.myanimelist.net/images/anime/8/52353.jpg
14513,マギ The labyrinth of magic,"Oct 7, 2012 to Mar 31, 2013",https://cdn.myanimelist.net/images/anime/11/42773.jpg
2581,機動戦士ガンダム00,"Oct 6, 2007 to Mar 29, 2008",https://cdn.myanimelist.net/images/anime/3/13200.jpg
1382,勇者王ガオガイガーFINAL,"Jan 21, 2000 to Mar 21, 2003",https://cdn.myanimelist.net/images/anime/1187/132740.jpg
30015,ReLIFE,"Jul 2, 2016 to Sep 24, 2016",https://cdn.myanimelist.net/images/anime/3/82149.jpg
1827,精霊の守り人,"Apr 7, 2007 to Sep 29, 2007",https://cdn.myanimelist.net/images/anime/4/50337.jpg
25013,暁のヨナ,"Oct 7, 2014 to Mar 24, 2015",https://cdn.myanimelist.net/images/anime/9/64225.jpg
6171,聖闘士星矢 THE LOST CANVAS 冥王神話,"Jun 24, 2009 to Apr 21, 2010",https://cdn.myanimelist.net/images/anime/8/75546.jpg
1367,名探偵コナン 銀翼の奇術師[マジシャン],"Apr 17, 2004",https://cdn.myanimelist.net/images/anime/2/20982.jpg
27833,デュラララ!!×2 結,"Jan 9, 2016 to Mar 26, 2016",https://cdn.myanimelist.net/images/anime/6/77838.jpg
12069,はじめの一歩 THE FIGHTING! ボクサーの拳,"Mar 21, 2003",https://cdn.myanimelist.net/images/anime/2/84664.jpg
185,頭文字〈イニシャル〉D,"Apr 19, 1998 to Dec 6, 1998",https://cdn.myanimelist.net/images/anime/1384/127972.jpg
26213,Free! -Eternal Summer- 禁断のオールハード！,"Mar 18, 2015",https://cdn.myanimelist.net/images/anime/6/73125.jpg
1974,ガラスの仮面 (2005),"Apr 6, 2005 to Mar 29, 2006",https://cdn.myanimelist.net/images/anime/1/2043.jpg
8425,GOSICK -ゴシック-,"Jan 8, 2011 to Jul 2, 2011",https://cdn.myanimelist.net/images/anime/11/27906.jpg
18679,キルラキル,"Oct 4, 2013 to Mar 28, 2014",https://cdn.myanimelist.net/images/anime/1464/111943.jpg
2034,ラブ★コン,"Apr 7, 2007 to Sep 29, 2007",https://cdn.myanimelist.net/images/anime/11/75563.jpg
437,パーフェクトブルー,"Feb 28, 1998",https://cdn.myanimelist.net/images/anime/1254/134212.jpg
721,プリンセスチュチュ,"Aug 16, 2002 to May 23, 2003",https://cdn.myanimelist.net/images/anime/1145/93646.jpg
12477,サカサマのパテマ,"Nov 9, 2013",https://cdn.myanimelist.net/images/anime/12/52415.jpg
4938,ツバサ 春雷記,"Mar 17, 2009 to May 15, 2009",https://cdn.myanimelist.net/images/anime/9/33841.jpg
6702,FAIRY TAIL（フェアリーテイル）,"Oct 12, 2009 to Mar 30, 2013",https://cdn.myanimelist.net/images/anime/5/18179.jpg
440,少女革命ウテナ,"Apr 2, 1997 to Dec 24, 1997",https://cdn.myanimelist.net/images/anime/1078/95285.jpg
2402,あしたのジョー,"Apr 1, 1970 to Sep 29, 1971",https://cdn.myanimelist.net/images/anime/5/64671.jpg
1566,攻殻機動隊 STAND ALONE COMPLEX Solid State Society,"Sep 1, 2006",https://cdn.myanimelist.net/images/anime/4/29816.jpg
31741,マギ シンドバッドの冒険,"Apr 16, 2016 to Jul 2, 2016",https://cdn.myanimelist.net/images/anime/10/78783.jpg
4107,劇場版 天元突破グレンラガン 紅蓮篇,"Sep 6, 2008",https://cdn.myanimelist.net/images/anime/1270/115752.jpg
72,フルメタル・パニック? ふもっふ,"Aug 26, 2003 to Nov 18, 2003",https://cdn.myanimelist.net/images/anime/4/75260.jpg
1506,名探偵コナン　探偵たちの鎮魂歌[レクイエム],"Apr 15, 2006",https://cdn.myanimelist.net/images/anime/1919/94322.jpg
2759,ヱヴァンゲリヲン新劇場版:序,"Sep 1, 2007",https://cdn.myanimelist.net/images/anime/7/74975.jpg
3783,劇場版 空の境界 the Garden of sinners 第三章『痛覚残留』,"Feb 9, 2008",https://cdn.myanimelist.net/images/anime/4/21735.jpg
3016,銀河英雄伝説外伝　新たなる戦いの序曲[オーヴァチュア],"Dec 18, 1993",https://cdn.myanimelist.net/images/anime/8/22498.jpg
3927,機動戦士ガンダム00 セカンドシーズン,"Oct 5, 2008 to Mar 29, 2009",https://cdn.myanimelist.net/images/anime/9/12782.jpg
24833,暗殺教室,"Jan 10, 2015 to Jun 20, 2015",https://cdn.myanimelist.net/images/anime/5/75639.jpg
28025,憑物語,"Dec 31, 2014",https://cdn.myanimelist.net/images/anime/6/68259.jpg
11597,偽物語,"Jan 8, 2012 to Mar 18, 2012",https://cdn.myanimelist.net/images/anime/1044/103654.jpg
27663,ベイビーステップ 第2シリーズ,"Apr 5, 2015 to Sep 20, 2015",https://cdn.myanimelist.net/images/anime/9/73683.jpg
29893,ARIA The AVVENIRE,"Sep 26, 2015",https://cdn.myanimelist.net/images/anime/10/74338.jpg
3371,銀河英雄伝説外伝／千億の星、千億の光,"Feb 9, 1998 to Sep 26, 1998",https://cdn.myanimelist.net/images/anime/9/28463.jpg
1430,ルパン三世 カリオストロの城,"Dec 15, 1979",https://cdn.myanimelist.net/images/anime/5/26182.jpg
1482,ディー・グレイマン,"Oct 3, 2006 to Sep 30, 2008",https://cdn.myanimelist.net/images/anime/13/75194.jpg
7720,おおきく振りかぶって　〜夏の大会編〜,"Apr 2, 2010 to Jun 25, 2010",https://cdn.myanimelist.net/images/anime/10/18671.jpg
25313,銀魂 〜布団に入ってから拭き残しに気付いて寝るに寝れない時もある〜,"Apr 3, 2015",https://cdn.myanimelist.net/images/anime/1327/110925.jpg
33051,機動戦士ガンダム 鉄血のオルフェンズ 第2期,"Oct 2, 2016 to Apr 2, 2017",https://cdn.myanimelist.net/images/anime/6/80899.jpg
1914,彩雲国物語 第2シリーズ,"Apr 7, 2007 to Mar 8, 2008",https://cdn.myanimelist.net/images/anime/5/73277.jpg
20371,劇場版 世界一初恋 横澤隆史の場合,"Mar 15, 2014",https://cdn.myanimelist.net/images/anime/11/65927.jpg
2164,電脳コイル,"May 12, 2007 to Dec 1, 2007",https://cdn.myanimelist.net/images/anime/5/12844.jpg
15039,劇場版 あの日見た花の名前を僕達はまだ知らない。,"Aug 31, 2013",https://cdn.myanimelist.net/images/anime/5/49993.jpg
135,ヒカルの碁,"Oct 10, 2001 to Mar 26, 2003",https://cdn.myanimelist.net/images/anime/12/78317.jpg
2449,攻殻機動隊 Stand Alone Complex - The Laughing Man,"Sep 23, 2005",https://cdn.myanimelist.net/images/anime/3/21835.jpg
6045,君に届け,"Oct 7, 2009 to Mar 31, 2010",https://cdn.myanimelist.net/images/anime/1502/124384.jpg
237,交響詩篇エウレカセブン,"Apr 17, 2005 to Apr 2, 2006",https://cdn.myanimelist.net/images/anime/12/34443.jpg
10643,アニメ銀魂　大反省会,"Mar 25, 2010",https://cdn.myanimelist.net/images/anime/1725/110927.jpg
17739,ひだまりスケッチ 沙英ヒロ 卒業編,"Nov 27, 2013",https://cdn.myanimelist.net/images/anime/1954/132952.jpg
6211,東京マグニチュード8.0,"Jul 10, 2009 to Sep 18, 2009",https://cdn.myanimelist.net/images/anime/10/13776.jpg
232,カードキャプターさくら,"Apr 7, 1998 to Mar 21, 2000",https://cdn.myanimelist.net/images/anime/8/60781.jpg
16001,ココロコネクト ミチランダム,"Nov 19, 2012 to Dec 10, 2012",https://cdn.myanimelist.net/images/anime/10/45526.jpg
16918,銀の匙,"Jul 12, 2013 to Sep 20, 2013",https://cdn.myanimelist.net/images/anime/6/49237.jpg
16,ハチミツとクローバー,"Apr 15, 2005 to Sep 27, 2005",https://cdn.myanimelist.net/images/anime/1301/133577.jpg
1486,こどものおもちゃ,"Apr 5, 1996 to Mar 27, 1998",https://cdn.myanimelist.net/images/anime/5/7016.jpg
4789,ef - a tale of melodies.,"Oct 7, 2008 to Dec 23, 2008",https://cdn.myanimelist.net/images/anime/1675/131993.jpg
32902,魔法使いの嫁 星待つひと,"Sep 10, 2016 to Sep 9, 2017",https://cdn.myanimelist.net/images/anime/4/80587.jpg
24997,ラブライブ！The School Idol Movie,"Jun 13, 2015",https://cdn.myanimelist.net/images/anime/6/75700.jpg
8063,世界一初恋 OVA,"Mar 22, 2011 to Sep 27, 2011",https://cdn.myanimelist.net/images/anime/11/35863.jpg
25879,ワーキング!!!,"Jul 5, 2015 to Sep 27, 2015",https://cdn.myanimelist.net/images/anime/7/73886.jpg
21419,名探偵コナン　異次元の狙撃手（スナイパー）,"Apr 19, 2014",https://cdn.myanimelist.net/images/anime/11/60289.jpg
12189,氷菓,"Apr 23, 2012 to Sep 17, 2012",https://cdn.myanimelist.net/images/anime/13/50521.jpg
934,ひぐらしのなく頃に,"Apr 5, 2006 to Sep 27, 2006",https://cdn.myanimelist.net/images/anime/12/19634.jpg
2952,ファイナルファンタジーVII アドベントチルドレンコンプリート,"Apr 16, 2009",https://cdn.myanimelist.net/images/anime/1065/94641.jpg
889,BLACK LAGOON,"Apr 9, 2006 to Jun 25, 2006",https://cdn.myanimelist.net/images/anime/1906/121592.jpg
1530,カノン (2006),"Oct 6, 2006 to Mar 16, 2007",https://cdn.myanimelist.net/images/anime/1362/128746.jpg
731,インターステラ5555,"Dec 1, 2003",https://cdn.myanimelist.net/images/anime/5/82786.jpg
9656,君に届け 2ND SEASON,"Jan 12, 2011 to Mar 30, 2011",https://cdn.myanimelist.net/images/anime/1311/121574.jpg
20507,ノラガミ,"Jan 5, 2014 to Mar 23, 2014",https://cdn.myanimelist.net/images/anime/1886/128266.jpg
14075,絶園のテンペスト,"Oct 5, 2012 to Mar 29, 2013",https://cdn.myanimelist.net/images/anime/7/42453.jpg
4918,xxxHOLiC 春夢記,"Feb 17, 2009 to Jun 23, 2009",https://cdn.myanimelist.net/images/anime/12/25079.jpg
4772,その ちょっぴり秘密の場所に…,"Jun 25, 2008",https://cdn.myanimelist.net/images/anime/11/15053.jpg
781,名探偵コナン 世紀末の魔術師,"Apr 17, 1999",https://cdn.myanimelist.net/images/anime/1831/94317.jpg
223,ドラゴンボール,"Feb 26, 1986 to Apr 12, 1989",https://cdn.myanimelist.net/images/anime/1887/92364.jpg
31149,PERSONA3 THE MOVIE —#4 Winter of Rebirth—,"Jan 23, 2016",https://cdn.myanimelist.net/images/anime/9/77828.jpg
1363,瞳の中の暗殺者,"Apr 22, 2000",https://cdn.myanimelist.net/images/anime/1196/94319.jpg
153,十二国記,"Apr 9, 2002 to Aug 30, 2003",https://cdn.myanimelist.net/images/anime/6/50859.jpg
5682,Phantom 〜Requiem for the Phantom〜,"Apr 3, 2009 to Sep 25, 2009",https://cdn.myanimelist.net/images/anime/8/22470.jpg
25649,純情ロマンチカ 3,"Jul 9, 2015 to Sep 24, 2015",https://cdn.myanimelist.net/images/anime/2/74170.jpg
2004,花田少年史,"Oct 2, 2002 to Mar 26, 2003",https://cdn.myanimelist.net/images/anime/2/87319.jpg
5029,劇場版MAJOR 友情の一球（ウイニングショット）,"Dec 13, 2008",https://cdn.myanimelist.net/images/anime/10/75221.jpg
8740,ワンピース　フィルム　ストロングワールド　エピソードゼロ,"Apr 16, 2010",https://cdn.myanimelist.net/images/anime/1172/109469.jpg
302,未来少年コナン,"Apr 4, 1978 to Oct 31, 1978",https://cdn.myanimelist.net/images/anime/6/17529.jpg
21647,たまこラブストーリー,"Apr 26, 2014",https://cdn.myanimelist.net/images/anime/1417/91333.jpg
16049,とある科学の超電磁砲S,"Apr 12, 2013 to Sep 27, 2013",https://cdn.myanimelist.net/images/anime/7/75610.jpg
18179,弱虫ペダル,"Oct 8, 2013 to Jul 1, 2014",https://cdn.myanimelist.net/images/anime/5/53211.jpg
1065,タッチ,"Mar 24, 1985 to Mar 22, 1987",https://cdn.myanimelist.net/images/anime/3/53087.jpg
47,AKIRA（アキラ）,"Jul 16, 1988",https://cdn.myanimelist.net/images/anime/1408/114012.jpg
4901,BLACK LAGOON Roberta's Blood Trail,"Jun 27, 2010 to Jun 22, 2011",https://cdn.myanimelist.net/images/anime/8/75529.jpg
32122,銀魂 〜美味いモノは後回しにすると横取りされるからやっぱり先に食え〜,"Nov 3, 2015",https://cdn.myanimelist.net/images/anime/1720/110926.jpg
23199,デュラララ!!×２ 承,"Jan 10, 2015 to Mar 28, 2015",https://cdn.myanimelist.net/images/anime/12/67743.jpg
851,今日から俺は！！,"Apr 1, 1993 to Dec 21, 1997",https://cdn.myanimelist.net/images/anime/1042/110294.jpg
1943,パプリカ,"Nov 25, 2006",https://cdn.myanimelist.net/images/anime/1929/93629.jpg
30415,映画 ハイ☆スピード！ -Free! Starting Days-,"Dec 5, 2015",https://cdn.myanimelist.net/images/anime/8/76967.jpg
10049,ぬらりひょんの孫 千年魔京,"Jul 3, 2011 to Dec 18, 2011",https://cdn.myanimelist.net/images/anime/5/77300.jpg
4053,テニスの王子様 Original Video Animation 全国大会編 Final,"Apr 25, 2008 to Jan 23, 2009",https://cdn.myanimelist.net/images/anime/1142/133867.jpg
846,スクールランブル 二学期,"Apr 3, 2006 to Sep 25, 2006",https://cdn.myanimelist.net/images/anime/5/75490.jpg
4059,-クラナド-　もうひとつの世界　智代編,"Jul 16, 2008",https://cdn.myanimelist.net/images/anime/12/19620.jpg
31173,赤髪の白雪姫,"Jan 12, 2016 to Mar 29, 2016",https://cdn.myanimelist.net/images/anime/12/77834.jpg
9926,世界一初恋 TV,"Apr 9, 2011 to Jun 25, 2011",https://cdn.myanimelist.net/images/anime/6/29763.jpg
589,銀牙　流れ星銀,"Apr 7, 1986 to Aug 22, 1986",https://cdn.myanimelist.net/images/anime/3/47461.jpg
7791,けいおん!!,"Apr 7, 2010 to Sep 29, 2010",https://cdn.myanimelist.net/images/anime/12/76121.jpg
15059,頭文字 D Fifth Stage,"Nov 4, 2012 to May 10, 2013",https://cdn.myanimelist.net/images/anime/1563/119898.jpg
17265,ログ・ホライズン,"Oct 5, 2013 to Mar 22, 2014",https://cdn.myanimelist.net/images/anime/5/84004.jpg
20815,世界一初恋～バレンタイン編～,"Mar 15, 2014",https://cdn.myanimelist.net/images/anime/5/55723.jpg
32551,デジモンアドベンチャーtri.（トライ）第３章「告白」,"Sep 24, 2016",https://cdn.myanimelist.net/images/anime/4/82612.jpg
9963,名探偵コナン 沈黙の15分,"Apr 16, 2011",https://cdn.myanimelist.net/images/anime/9/32035.jpg
2951,銀魂〜何事も最初が肝心なので多少背伸びするくらいが丁度良い〜,"Sep 24, 2005",https://cdn.myanimelist.net/images/anime/4/8522.jpg
14713,神様はじめました,"Oct 2, 2012 to Dec 25, 2012",https://cdn.myanimelist.net/images/anime/3/85429.jpg
535,スレイヤーズNEXT,"Apr 5, 1996 to Sep 27, 1996",https://cdn.myanimelist.net/images/anime/1165/92536.jpg
2563,ARIA The OVA ~ARIETTA~ (アリア ジ オーブイエー ~アリエッタ~),"Sep 21, 2007",https://cdn.myanimelist.net/images/anime/11/77622.jpg
2762,伊賀野カバ丸,"Oct 20, 1983 to Mar 29, 1984",https://cdn.myanimelist.net/images/anime/9/62909.jpg
81,機動戦士ガンダム 第08MS小隊,"Jan 25, 1996 to Jul 25, 1999",https://cdn.myanimelist.net/images/anime/9/75618.jpg
14807,劇場版 空の境界 未来福音,"Sep 28, 2013",https://cdn.myanimelist.net/images/anime/6/56621.jpg
9204,おまえうまそうだな,"Oct 16, 2010",https://cdn.myanimelist.net/images/anime/11/27167.jpg
24921,劇場版 蒼き鋼のアルペジオ ‐アルス・ノヴァ‐ Cadenza,"Oct 3, 2015",https://cdn.myanimelist.net/images/anime/2/74665.jpg
1023,ウルフズ・レイン,"Jan 23, 2004 to Feb 25, 2004",https://cdn.myanimelist.net/images/anime/1091/134883.jpg
33253,亜人 第2クール,"Oct 8, 2016 to Dec 24, 2016",https://cdn.myanimelist.net/images/anime/12/81858.jpg
1471,シティーハンター2,"Apr 2, 1988 to Jul 14, 1989",https://cdn.myanimelist.net/images/anime/7/50523.jpg
2924,ef - a tale of memories.,"Oct 7, 2007 to Dec 23, 2007",https://cdn.myanimelist.net/images/anime/1246/107820.jpg
31098,うしおととら,"Apr 1, 2016 to Jun 24, 2016",https://cdn.myanimelist.net/images/anime/1092/117404.jpg
27831,デュラララ!!×２ 転,"Jul 4, 2015 to Sep 26, 2015",https://cdn.myanimelist.net/images/anime/8/74981.jpg
2448,攻殻機動隊 S.A.C. 2nd GIG Individual Eleven,"Jan 27, 2006",https://cdn.myanimelist.net/images/anime/5/2829.jpg
4672,攻殻機動隊2.0,"Jul 12, 2008",https://cdn.myanimelist.net/images/anime/3/75608.jpg
3907,銀河戦国群雄伝ライ,"Apr 8, 1994 to Mar 31, 1995",https://cdn.myanimelist.net/images/anime/6/30829.jpg
186,頭文字〈イニシャル〉D SECOND STAGE,"Oct 15, 1999 to Jan 21, 2000",https://cdn.myanimelist.net/images/anime/8/12750.jpg
9941,TIGER & BUNNY （タイガー・アンド・バニー）,"Apr 3, 2011 to Sep 18, 2011",https://cdn.myanimelist.net/images/anime/13/29466.jpg
30885,ノラガミ OAD,"Nov 17, 2015 to Mar 17, 2016",https://cdn.myanimelist.net/images/anime/11/77510.jpg
10080,神のみぞ知るセカイ II,"Apr 12, 2011 to Jun 28, 2011",https://cdn.myanimelist.net/images/anime/11/30030.jpg
21469,STAND BY ME ドラえもん,"Aug 8, 2014",https://cdn.myanimelist.net/images/anime/9/65571.jpg
14813,やはり俺の青春ラブコメはまちがっている。,"Apr 5, 2013 to Jun 28, 2013",https://cdn.myanimelist.net/images/anime/1786/120117.jpg
6421,鋼の錬金術師,"Aug 26, 2009 to Aug 25, 2010",https://cdn.myanimelist.net/images/anime/1493/91571.jpg
2159,おおきく振りかぶって,"Apr 13, 2007 to Sep 28, 2007",https://cdn.myanimelist.net/images/anime/2/20751.jpg
28297,俺物語!!,"Apr 9, 2015 to Sep 24, 2015",https://cdn.myanimelist.net/images/anime/13/69455.jpg
11739,君と僕。2,"Apr 3, 2012 to Jun 26, 2012",https://cdn.myanimelist.net/images/anime/10/42107.jpg
21855,花物語,"Aug 16, 2014",https://cdn.myanimelist.net/images/anime/13/65755.jpg
2154,鉄コン筋クリート,"Dec 23, 2006",https://cdn.myanimelist.net/images/anime/12/8520.jpg
861,×××HOLiC（ホリック）,"Apr 7, 2006 to Sep 29, 2006",https://cdn.myanimelist.net/images/anime/5/21858.jpg
29831,たまゆら～卒業写真～ 第4部 朝-あした-,"Apr 2, 2016",https://cdn.myanimelist.net/images/anime/1697/134884.jpg
6505,떳다 그녀!!,"Apr 20, 2003 to Dec 9, 2008",https://cdn.myanimelist.net/images/anime/2/29995.jpg
1689,秒速５センチメートル,"Mar 3, 2007",https://cdn.myanimelist.net/images/anime/1410/112994.jpg
34103,ダンガンロンパ３-The End of 希望ヶ峰学園-希望編,"Sep 29, 2016",https://cdn.myanimelist.net/images/anime/1295/91106.jpg
3665,銀河英雄伝説外伝 螺旋迷宮,"Dec 24, 1999 to Jul 21, 2000",https://cdn.myanimelist.net/images/anime/1682/134157.jpg
7711,借りぐらしのアリエッティ,"Jul 17, 2010",https://cdn.myanimelist.net/images/anime/1974/116417.jpg
9996,へうげもの,"Apr 7, 2011 to Jan 26, 2012",https://cdn.myanimelist.net/images/anime/3/77282.jpg
401,るろうに剣心 -明治剣客浪漫譚- 星霜編,"Dec 19, 2001 to Mar 20, 2002",https://cdn.myanimelist.net/images/anime/1971/90877.jpg
12113,ベルセルク 黄金時代篇Ⅱ ドルドレイ攻略,"Jun 23, 2012",https://cdn.myanimelist.net/images/anime/12/37193.jpg
32093,田中くんはいつもけだるげ,"Apr 9, 2016 to Jun 25, 2016",https://cdn.myanimelist.net/images/anime/1189/111994.jpg
77,魔法少女リリカルなのは エース,"Oct 2, 2005 to Dec 25, 2005",https://cdn.myanimelist.net/images/anime/4/6767.jpg
3014,銀河英雄伝説: わが征くは星の大海,"Feb 6, 1988",https://cdn.myanimelist.net/images/anime/3/51345.jpg
32613,엘소드 엘의 여인,"Dec 10, 2016 to Jan 5, 2018",https://cdn.myanimelist.net/images/anime/8/83284.jpg
7338,Darker than BLACK -黒の契約者 外伝,"Jan 27, 2010 to Jul 21, 2010",https://cdn.myanimelist.net/images/anime/3/17469.jpg
5781,異世界の聖機師物語,"May 22, 2009 to May 26, 2010",https://cdn.myanimelist.net/images/anime/2/20345.jpg
6774,空中ブランコ,"Oct 15, 2009 to Dec 24, 2009",https://cdn.myanimelist.net/images/anime/3/18386.jpg
645,ヒカルの碁 北斗杯への道,"Jan 3, 2004",https://cdn.myanimelist.net/images/anime/12/78453.jpg
13767,純情ロマンチカ,"Dec 20, 2012 to Dec 1, 2015",https://cdn.myanimelist.net/images/anime/6/60389.jpg
5678,こばと。,"Oct 6, 2009 to Mar 23, 2010",https://cdn.myanimelist.net/images/anime/8/79838.jpg
11135,ハイブリッド チャイルド,"Oct 29, 2014 to Jan 28, 2015",https://cdn.myanimelist.net/images/anime/4/65605.jpg
1089,超時空要塞マクロス -愛・おぼえていますか-,"Jul 7, 1984",https://cdn.myanimelist.net/images/anime/1080/107017.jpg
995,テニスの王子様 Original Video Animation 全国大会編,"Mar 24, 2006 to Mar 23, 2007",https://cdn.myanimelist.net/images/anime/12/10572.jpg
122,満月をさがして,"Apr 6, 2002 to Mar 29, 2003",https://cdn.myanimelist.net/images/anime/1900/99154.jpg
15,アイシールド21,"Apr 6, 2005 to Mar 19, 2008",https://cdn.myanimelist.net/images/anime/1079/133529.jpg
2752,テニスの王子様 全国大会篇 Semifinal,"Jun 22, 2007 to Jan 25, 2008",https://cdn.myanimelist.net/images/anime/1640/133533.jpg
3092,純情ロマンチカ,"Apr 11, 2008 to Jun 27, 2008",https://cdn.myanimelist.net/images/anime/7/8811.jpg
25161,ワンピース〝3D2Y〟 エースの死を越えて！　ルフィ仲間との誓い,"Aug 30, 2014",https://cdn.myanimelist.net/images/anime/3/64755.jpg
10721,輪るピングドラム,"Jul 8, 2011 to Dec 23, 2011",https://cdn.myanimelist.net/images/anime/5/30238.jpg
29095,グリザイアの楽園,"Apr 19, 2015 to Jun 21, 2015",https://cdn.myanimelist.net/images/anime/8/72855.jpg
3588,ソウルイーター,"Apr 7, 2008 to Mar 30, 2009",https://cdn.myanimelist.net/images/anime/9/7804.jpg
1594,地獄少女 二籠,"Oct 7, 2006 to Apr 7, 2007",https://cdn.myanimelist.net/images/anime/5/86975.jpg
387,灰羽連盟,"Oct 10, 2002 to Dec 19, 2002",https://cdn.myanimelist.net/images/anime/9/13134.jpg
16395,スケットダンス 妹の悩みに悩む兄に悩む妹とその仲間達,"Feb 4, 2013",https://cdn.myanimelist.net/images/anime/1703/97779.jpg
1088,超時空要塞マクロス,"Oct 3, 1982 to Jun 26, 1983",https://cdn.myanimelist.net/images/anime/1/2441.jpg
10620,未来日記,"Oct 9, 2011 to Apr 15, 2012",https://cdn.myanimelist.net/images/anime/13/33465.jpg
4106,トライガン,"Apr 2, 2010",https://cdn.myanimelist.net/images/anime/1930/116400.jpg
16916,黒子のバスケ 第22.5Q 「Tip off」,"Feb 22, 2013",https://cdn.myanimelist.net/images/anime/10/76803.jpg
2158,地球へ…,"Apr 7, 2007 to Sep 22, 2007",https://cdn.myanimelist.net/images/anime/1013/117558.jpg
2143,最遊記RELOAD -burial-,"Apr 27, 2007 to Dec 28, 2007",https://cdn.myanimelist.net/images/anime/1890/94055.jpg
6582,天体戦士サンレッド,"Oct 3, 2009 to Mar 27, 2010",https://cdn.myanimelist.net/images/anime/7/15051.jpg
22319,東京喰種-トーキョーグール-,"Jul 4, 2014 to Sep 19, 2014",https://cdn.myanimelist.net/images/anime/1498/134443.jpg
66,あずまんが大王 THE ANIMATION,"Apr 9, 2002 to Oct 1, 2002",https://cdn.myanimelist.net/images/anime/1066/117358.jpg
6586,夢色パティシエール,"Oct 4, 2009 to Sep 26, 2010",https://cdn.myanimelist.net/images/anime/1076/134431.jpg
11113,うさぎドロップ,"Oct 28, 2011 to Jan 27, 2012",https://cdn.myanimelist.net/images/anime/7/30759.jpg
8142,カラフル,"Aug 21, 2010",https://cdn.myanimelist.net/images/anime/1839/103426.jpg
33032,DRIFTERS Special edition,"Jun 6, 2016",https://cdn.myanimelist.net/images/anime/1141/97770.jpg
6438,名探偵コナン～10年後の異邦人[ストレンジャー]～,"Jun 17, 2009",https://cdn.myanimelist.net/images/anime/5/14746.jpg
227,フリクリ,"Apr 26, 2000 to Mar 16, 2001",https://cdn.myanimelist.net/images/anime/7/77356.jpg
73,フルメタル パニック！The Second Raid,"Jul 14, 2005 to Oct 20, 2005",https://cdn.myanimelist.net/images/anime/11/75261.jpg
4898,黒執事,"Oct 3, 2008 to Mar 27, 2009",https://cdn.myanimelist.net/images/anime/5/27013.jpg
7222,劇場版 マクロスＦ 恋離飛翼 ～サヨナラノツバサ～,"Feb 26, 2011",https://cdn.myanimelist.net/images/anime/13/76398.jpg
957,彩雲国物語,"Apr 8, 2006 to Feb 24, 2007",https://cdn.myanimelist.net/images/anime/1/957.jpg
24,スクールランブル,"Oct 5, 2004 to Mar 29, 2005",https://cdn.myanimelist.net/images/anime/4/75488.jpg
22097,マギ シンドバッドの冒険,"May 14, 2014 to Jul 15, 2015",https://cdn.myanimelist.net/images/anime/13/60471.jpg
19111,ラブライブ! School idol project 2期,"Apr 6, 2014 to Jun 29, 2014",https://cdn.myanimelist.net/images/anime/10/59101.jpg
15689,猫物語（黒）,"Dec 31, 2012",https://cdn.myanimelist.net/images/anime/1170/121597.jpg
849,涼宮ハルヒの憂鬱,"Apr 3, 2006 to Jul 3, 2006",https://cdn.myanimelist.net/images/anime/5/75901.jpg
268,ゴールデンボーイ,"Oct 27, 1995 to Jun 28, 1996",https://cdn.myanimelist.net/images/anime/3/62867.jpg
33286,ストライク・ザ・ブラッドⅡ,"Nov 23, 2016 to May 24, 2017",https://cdn.myanimelist.net/images/anime/1600/111675.jpg
2623,フランダースの犬 (1997),"Mar 15, 1997",https://cdn.myanimelist.net/images/anime/3/75599.jpg
17549,のんのんびより,"Oct 8, 2013 to Dec 24, 2013",https://cdn.myanimelist.net/images/anime/2/51581.jpg
427,カレイドスター,"Apr 3, 2003 to Mar 27, 2004",https://cdn.myanimelist.net/images/anime/1230/98847.jpg
4280,劇場版 空の境界 the Garden of sinners 第四章『伽藍の洞』,"May 24, 2008",https://cdn.myanimelist.net/images/anime/9/21736.jpg
9513,べるぜバブ,"Jan 9, 2011 to Mar 25, 2012",https://cdn.myanimelist.net/images/anime/3/28013.jpg
28,焼きたて!! ジャぱん,"Oct 12, 2004 to Mar 14, 2006",https://cdn.myanimelist.net/images/anime/3/76432.jpg
26123,生徒会役員共＊ OAD,"May 16, 2014 to Sep 17, 2020",https://cdn.myanimelist.net/images/anime/5/79008.jpg
29093,グリザイアの迷宮 カプリスの繭0,"Apr 12, 2015",https://cdn.myanimelist.net/images/anime/1278/112633.jpg
18429,ルパン三世vs.名探偵コナン THE MOVIE,"Dec 7, 2013",https://cdn.myanimelist.net/images/anime/4/51663.jpg
29803,オーバーロード,"Jul 7, 2015 to Sep 29, 2015",https://cdn.myanimelist.net/images/anime/7/88019.jpg
8408,デュラララ!!,"Aug 25, 2010 to Feb 23, 2011",https://cdn.myanimelist.net/images/anime/4/28684.jpg
22,テニスの王子様,"Oct 10, 2001 to Mar 23, 2005",https://cdn.myanimelist.net/images/anime/6/21624.jpg
14353,デス・ビリヤード,"Mar 2, 2013",https://cdn.myanimelist.net/images/anime/11/48721.jpg
4985,魔法少女リリカルなのは The MOVIE 1st,"Jan 23, 2010",https://cdn.myanimelist.net/images/anime/1058/94433.jpg
13331,ヨルムンガンド PERFECT ORDER,"Oct 10, 2012 to Dec 26, 2012",https://cdn.myanimelist.net/images/anime/4/73278.jpg
2618,宝島,"Oct 8, 1978 to Apr 1, 1979",https://cdn.myanimelist.net/images/anime/11/56123.jpg
793,劇場版　×××HOLiC　真夏ノ夜ノ夢,"Aug 20, 2005",https://cdn.myanimelist.net/images/anime/1482/107802.jpg
30279,ゆるゆり さん☆ハイ！,"Oct 6, 2015 to Dec 22, 2015",https://cdn.myanimelist.net/images/anime/7/76667.jpg
790,エルゴプラクシー,"Feb 25, 2006 to Aug 12, 2006",https://cdn.myanimelist.net/images/anime/11/6259.jpg
9289,花咲くいろは,"Apr 3, 2011 to Sep 25, 2011",https://cdn.myanimelist.net/images/anime/1491/117229.jpg
10029,コクリコ坂から,"Jul 16, 2011",https://cdn.myanimelist.net/images/anime/8/32547.jpg
15809,はたらく魔王さま!,"Apr 4, 2013 to Jun 27, 2013",https://cdn.myanimelist.net/images/anime/3/50177.jpg
2035,英國戀物語エマ ～メルダース編～,"Apr 17, 2007 to Jul 3, 2007",https://cdn.myanimelist.net/images/anime/6/80118.jpg
27989,響け！ユーフォニアム,"Apr 8, 2015 to Jul 1, 2015",https://cdn.myanimelist.net/images/anime/6/72445.jpg
28755,BORUTO -NARUTO THE MOVIE-,"Aug 7, 2015",https://cdn.myanimelist.net/images/anime/4/78280.jpg
5630,東のエデン,"Apr 10, 2009 to Jun 19, 2009",https://cdn.myanimelist.net/images/anime/9/15033.jpg
30831,この素晴らしい世界に祝福を！,"Jan 14, 2016 to Mar 17, 2016",https://cdn.myanimelist.net/images/anime/8/77831.jpg
30240,監獄学園〈プリズンスクール〉,"Jul 11, 2015 to Sep 26, 2015",https://cdn.myanimelist.net/images/anime/1286/112161.jpg
85,機動戦士Ζガンダム,"Mar 2, 1985 to Feb 22, 1986",https://cdn.myanimelist.net/images/anime/6/11153.jpg
2605,さよなら絶望先生,"Jul 8, 2007 to Sep 23, 2007",https://cdn.myanimelist.net/images/anime/5/6559.jpg
1254,聖闘士星矢(セイントセイヤ),"Oct 11, 1986 to Apr 1, 1989",https://cdn.myanimelist.net/images/anime/1324/121549.jpg
2829,家なき子レミ,"Sep 1, 1996 to Mar 23, 1997",https://cdn.myanimelist.net/images/anime/12/26250.jpg
416,紅の豚,"Jul 18, 1992",https://cdn.myanimelist.net/images/anime/6/2878.jpg
4163,瀬戸の花嫁 OVA,"Nov 3, 2008 to Jan 5, 2009",https://cdn.myanimelist.net/images/anime/6/22426.jpg
3572,マクロスF（フロンティア）,"Apr 4, 2008 to Sep 26, 2008",https://cdn.myanimelist.net/images/anime/9/15648.jpg
1485,赤ちゃんと僕,"Jul 11, 1996 to Mar 26, 1997",https://cdn.myanimelist.net/images/anime/2/49693.jpg
13119,劇場版 薄桜鬼 第二章 士魂蒼穹,"Mar 8, 2014",https://cdn.myanimelist.net/images/anime/12/71796.jpg
114,魁!! クロマティ高校,"Oct 3, 2003 to Mar 26, 2004",https://cdn.myanimelist.net/images/anime/1782/130913.jpg
3782,劇場版 空の境界 the Garden of sinners 第二章『殺人考察（前）』,"Dec 29, 2007",https://cdn.myanimelist.net/images/anime/3/21737.jpg
3228,俗・さよなら絶望先生,"Jan 6, 2008 to Mar 30, 2008",https://cdn.myanimelist.net/images/anime/13/75517.jpg
6351,クラナド　アフターストーリー　もうひとつの世界　杏編,"Jul 1, 2009",https://cdn.myanimelist.net/images/anime/10/19621.jpg
658,闘牌伝説アカギ　闇に舞い降りた天才,"Oct 5, 2005 to Mar 29, 2006",https://cdn.myanimelist.net/images/anime/11/53587.jpg
8310,まじっく快斗,"Apr 17, 2010 to Dec 29, 2012",https://cdn.myanimelist.net/images/anime/13/46095.jpg
10012,カーニバル・ファンタズム,"Aug 14, 2011 to Dec 31, 2011",https://cdn.myanimelist.net/images/anime/1018/92921.jpg
11813,史上最強の弟子 ケンイチ OVA,"Mar 14, 2012 to May 16, 2014",https://cdn.myanimelist.net/images/anime/1125/102421.jpg
11887,ココロコネクト,"Jul 8, 2012 to Sep 30, 2012",https://cdn.myanimelist.net/images/anime/2/39665.jpg
32370,ディー・グレイマン ハロー,"Jul 5, 2016 to Sep 27, 2016",https://cdn.myanimelist.net/images/anime/12/80766.jpg
29787,ご注文はうさぎですか??,"Oct 10, 2015 to Dec 26, 2015",https://cdn.myanimelist.net/images/anime/8/76702.jpg
12815,しろくまカフェ,"Apr 5, 2012 to Mar 28, 2013",https://cdn.myanimelist.net/images/anime/6/75649.jpg
7062,ひだまりスケッチ×☆☆☆,"Jan 8, 2010 to Mar 26, 2010",https://cdn.myanimelist.net/images/anime/9/22349.jpg
9088,最遊記外伝,"Mar 25, 2011 to Nov 25, 2011",https://cdn.myanimelist.net/images/anime/5/75818.jpg
22777,ドラゴンボール改,"Apr 6, 2014 to Jun 28, 2015",https://cdn.myanimelist.net/images/anime/10/59275.jpg
22961,デート・ア・ライブII 狂三スターフェスティバル,"Dec 8, 2014",https://cdn.myanimelist.net/images/anime/1759/131412.jpg
12017,劇場版 TIGER & BUNNY -The Rising-,"Feb 8, 2014",https://cdn.myanimelist.net/images/anime/9/56915.jpg
1470,シティーハンター,"Apr 6, 1987 to Mar 28, 1988",https://cdn.myanimelist.net/images/anime/8/20587.jpg
27633,月刊少女野崎くん ミニOVA,"Sep 24, 2014 to Feb 25, 2015",https://cdn.myanimelist.net/images/anime/9/66871.jpg
6377,懺・さよなら絶望先生,"Jul 5, 2009 to Sep 27, 2009",https://cdn.myanimelist.net/images/anime/5/14728.jpg
780,名探偵コナン １４番目の標的,"Apr 18, 1998",https://cdn.myanimelist.net/images/anime/1900/94316.jpg
17273,ヘタリア The Beautiful World,"Apr 24, 2013 to Oct 30, 2013",https://cdn.myanimelist.net/images/anime/1280/97332.jpg
14349,リトルウィッチアカデミア,"Mar 2, 2013",https://cdn.myanimelist.net/images/anime/2/42989.jpg
429,カレイドスター Legend of Phoenix ～レイラ・ハミルトン物語～,"Dec 11, 2005",https://cdn.myanimelist.net/images/anime/7/28863.jpg
2321,ジャイアントロボ THE ANIMATION 地球が静止する日,"Jul 23, 1992 to Jan 25, 1998",https://cdn.myanimelist.net/images/anime/1057/131970.jpg
18661,神様はじめました,"Aug 20, 2013",https://cdn.myanimelist.net/images/anime/6/56425.jpg
17949,The Everlasting Guilty Crown,"Mar 7, 2012",https://cdn.myanimelist.net/images/anime/12/47807.jpg
1729,マリア様がみてる〜３rd〜,"Dec 29, 2006 to Jul 25, 2007",https://cdn.myanimelist.net/images/anime/6/75209.jpg
31973,機動戦士ガンダム サンダーボルト,"Dec 25, 2015 to Apr 22, 2016",https://cdn.myanimelist.net/images/anime/3/77176.jpg
996,美少女戦士セーラームーン セーラースターズ,"Mar 9, 1996 to Feb 8, 1997",https://cdn.myanimelist.net/images/anime/1645/105992.jpg
967,北斗の拳,"Oct 11, 1984 to Mar 5, 1987",https://cdn.myanimelist.net/images/anime/8/18502.jpg
9465,ブレイク ブレイド 第四章 惨禍ノ地,"Oct 30, 2010",https://cdn.myanimelist.net/images/anime/11/68085.jpg
339,シリアルエクスペリメンツレイン,"Jul 6, 1998 to Sep 28, 1998",https://cdn.myanimelist.net/images/anime/1718/91550.jpg
11239,ひだまりスケッチ×ハニカム,"Oct 5, 2012 to Dec 21, 2012",https://cdn.myanimelist.net/images/anime/2/50501.jpg
7724,屍鬼,"Jul 9, 2010 to Dec 31, 2010",https://cdn.myanimelist.net/images/anime/1531/119165.jpg
14175,劇場版 花咲くいろは HOME SWEET HOME,"Mar 9, 2013",https://cdn.myanimelist.net/images/anime/9/70701.jpg
8516,バカとテストと召喚獣 にっ！,"Jul 8, 2011 to Sep 30, 2011",https://cdn.myanimelist.net/images/anime/3/28992.jpg
19319,ガンダムビルドファイターズ,"Oct 7, 2013 to Mar 31, 2014",https://cdn.myanimelist.net/images/anime/7/51815.jpg
2753,うしろの正面だあれ,"Mar 9, 1991",https://cdn.myanimelist.net/images/anime/1693/133896.jpg
1695,レ・ミゼラブル 少女コゼット,"Jan 7, 2007 to Dec 30, 2007",https://cdn.myanimelist.net/images/anime/1/1695.jpg
779,名探偵コナン 時計じかけの摩天楼,"Apr 19, 1997",https://cdn.myanimelist.net/images/anime/3/77131.jpg
1366,名探偵コナン 迷宮の十字路(クロスロード),"Apr 19, 2003",https://cdn.myanimelist.net/images/anime/10/20984.jpg
15195,ヘタリア The Beautiful World,"Jan 25, 2013 to Jun 21, 2013",https://cdn.myanimelist.net/images/anime/12/46073.jpg
400,星方武侠アウトロースター,"Jan 9, 1998 to Jun 26, 1998",https://cdn.myanimelist.net/images/anime/7/28848.jpg
597,猫の恩返し,"Jul 20, 2002",https://cdn.myanimelist.net/images/anime/1/597.jpg
18245,ホワイトアルバム2,"Oct 6, 2013 to Dec 29, 2013",https://cdn.myanimelist.net/images/anime/2/53561.jpg
30311,黒子のバスケ3期 NG集,"Apr 24, 2015 to Dec 24, 2015",https://cdn.myanimelist.net/images/anime/13/72551.jpg
187,頭文字〈イニシャル〉D THIRD STAGE,"Jan 13, 2001",https://cdn.myanimelist.net/images/anime/13/40397.jpg
28907,GATE（ゲート）自衛隊　彼の地にて、斯く戦えり,"Jul 4, 2015 to Sep 19, 2015",https://cdn.myanimelist.net/images/anime/8/76222.jpg
10521,ワーキング’！！,"Oct 1, 2011 to Dec 24, 2011",https://cdn.myanimelist.net/images/anime/3/75263.jpg
31637,GATE（ゲート）自衛隊　彼の地にて、斯く戦えり　第2クール,"Jan 9, 2016 to Mar 26, 2016",https://cdn.myanimelist.net/images/anime/8/77382.jpg
